temperature_c,precipitation_mm,humidity_pct,wind_speed_mps,pressure_hpa,co2_ppm,region,month,log_precipitation
24.980284918067397,12.278835307399756,77.53341621104532,5.68616907997902,1010.7682965573455,399.8065392452316,Temperate,12,2.5861714374461338
21.170414192972892,98.8462958287033,73.81158384882778,5.421289693184287,1010.7619186520333,386.6784440188943,Arid,2,4.603631961814695
25.886131228604157,34.50940473890895,82.89752754082745,2.8406834982645863,1019.3229751684137,410.48841141591004,Arid,4,3.569797583618462
31.13817913844815,10.150495450448867,76.73181351269959,4.610578430686803,1015.7204103565512,420.5174079991092,Arid,7,2.411483931936757
20.595079751659984,80.99819419435407,68.61544016016227,2.542514898188071,1017.5649039777562,427.0026174973883,Temperate,3,4.406697225001692
20.595178258304916,30.023145051720984,57.757017637106344,1.9305727528166043,1020.7454772842628,410.368386379146,Arid,2,3.434733540478783
31.47527689304435,63.31220995376303,67.90976742713974,3.059924163115052,1010.3495329345334,410.88573392883995,Temperate,10,4.163749503632892
26.604608374917454,21.64611323053719,61.494795457907,5.293590208574138,1008.102106123938,426.53900734255745,Arid,2,3.119988235903069
19.183153684390287,31.37496752569087,64.19476550195277,5.42968756806413,1004.3187957875376,396.3025830030458,Temperate,1,3.477385516951735
25.25536026151579,48.714816338734295,75.88578404420609,4.769628130145939,1006.3967157601684,411.1147922481699,Arid,5,3.9063030041424875
19.21949384312523,133.30242464383883,86.69904504351406,5.087643680271996,1036.5927554024697,416.9042388992506,Tropical,12,4.900094157303964
19.205621478578458,41.093167744558244,73.9467152982298,4.774267430672437,1022.9574366458943,419.49218721285035,Tropical,6,3.739885441165945
23.451773629396204,97.93885759252203,58.04116937964815,3.0377776071655718,1002.1914050703358,409.9019330680912,Tropical,6,4.594502059265568
10.520318532053214,172.25499585895537,74.4460266822014,4.647883817010911,1002.4203363460514,415.34441011705843,Tropical,9,5.154764473780986
11.650493004921803,101.12723356636647,81.96631486645651,5.200614287841523,1016.8549284937479,390.1167264658701,Arid,4,4.626219423847895
18.626274824554166,56.7215408771004,63.90217095680618,5.131436994720362,1017.3781183790237,408.4175158766615,Tropical,1,4.0556304292718055
15.923013277993457,87.72788255021442,68.65982833327082,5.783370057211965,1017.391070682539,419.5350871255447,Temperate,6,4.485574186595569
23.885483995571644,40.0881376118605,70.14688194729197,5.062455770801596,1010.9603536515705,405.1770596574532,Tropical,5,3.7157194572602057
16.551855546872734,71.2388596418128,62.151016869177596,4.527172311312374,1011.9963659199768,415.589842215896,Tropical,10,4.279978123294943
13.526177791988252,58.94633789338714,76.4828043384386,5.605225357474641,1015.6230361932749,419.468725008027,Tropical,6,4.09344979359247
30.793892613529323,85.66422324160715,68.79051851392218,3.96021811112641,1013.6871440503467,411.57450799142237,Arid,3,4.462041148583906
20.645342197080787,47.57915186131431,74.19532443907028,2.6771880231584233,995.2455970180197,416.7046377099657,Tropical,2,3.8831944648237293
22.405169228127544,89.18108381230894,61.125078221978995,3.755399554084354,1011.1616029553984,405.37267434715386,Temperate,6,4.501819691243062
13.451510882719258,47.20454167270149,65.62541699676589,2.8826460327903263,1006.1887485259175,412.93388720303955,Tropical,1,3.875453242192324
18.733703652848902,122.52806290913954,77.22381357827771,2.987232587538428,1014.4016913512681,421.1021616958922,Tropical,7,4.816468360288717
22.665535538259196,51.208335151282725,66.27166847908234,3.7832219939267233,1036.8820720208273,416.5697296096843,Tropical,7,3.9552421593691798
15.094038535466183,7.088915629620542,87.26963851233405,2.811370118500058,1015.9398533237944,409.1346873043606,Temperate,10,2.090494683720639
24.254188110074033,26.983538863022357,66.00363814385398,3.5380577055414397,1010.4917625106208,417.2421640429079,Tropical,7,3.33161643954636
18.39616786048717,67.62231800421085,72.24684725751887,1.1595779995693216,1020.374412015818,422.1460979063662,Temperate,12,4.228617817160124
20.24983750124034,196.11679715041316,79.3259083187309,4.319940561059408,1016.8615030976737,394.5005872142252,Temperate,11,5.283796431990815
18.38976032662362,119.32391407086013,55.816342670669684,4.001808213043336,1016.3607559236148,426.590740649559,Tropical,10,4.7901873901815675
33.113669107053624,5.266787277541223,52.39191188019224,2.774367053397714,1017.8548047457253,411.6374526131893,Temperate,1,1.8352638273987365
21.919016651572395,15.75289528428496,54.74343685429905,4.988868502648607,1029.4523485186364,419.2548993324023,Arid,4,2.8185710961268846
15.653734426264599,144.88918026529853,82.62584103427182,5.406355206439837,1003.9528925173927,426.9724692364523,Tropical,7,4.982847294213392
26.935269472619133,104.97297976632251,64.48141854107553,1.5886602034465387,1016.7890566144916,401.28326302769534,Tropical,11,4.6631841537526535
14.674938100173867,266.1073120236569,95.58199285668252,2.8559128321506786,1005.5889509601477,407.9055899757245,Temperate,9,5.587650495344568
23.25318157002853,45.64763789139394,64.35752401342612,2.8462864753190527,1017.444101170738,412.11451304124296,Temperate,5,3.8426222913145662
10.241979256721347,31.706345673004694,71.84551303197037,2.590145348336703,1005.6505079081112,407.1624647887557,Tropical,2,3.4875691163549605
14.030883706609417,70.43104157576253,85.42109952567876,5.244212262897623,1009.6610654911593,432.3493657583681,Arid,7,4.268732530829609
23.18116741521474,44.91756977699937,90.06092888159122,3.7092607918407947,1010.6392806860968,406.43227906173206,Temperate,10,3.8268478276360884
26.430799479972464,135.87988731822148,90.61503576636397,3.603227738034084,1020.8065337547577,409.44453220513134,Temperate,1,4.919103806367801
23.028209687139825,43.645517685249175,82.08366230593143,0.9942064533898698,1020.3476355515393,417.0438903160298,Arid,7,3.7987539144949443
21.306110305670558,53.67892881065386,80.24062525811462,4.95312704531384,1003.034260988429,402.9785047392391,Arid,6,4.001478421514881
20.193377826464268,27.820588139376877,75.92526949201184,2.141112407719791,1013.4394728879988,411.0431928824374,Tropical,7,3.3610899976975306
13.128868057795437,113.89559709777144,77.78361076166638,4.089898945399493,1007.3233611620066,418.17453261250176,Arid,10,4.744023864692926
17.68093474963175,29.484864349301386,64.48814283671467,4.416065406937287,1002.9319607145974,411.6713959561749,Tropical,3,3.4172303095975876
19.236167374241276,90.37649370352838,61.81801116577693,6.040987893757976,1011.263863596605,414.0661314110005,Arid,3,4.514988264896972
28.342733357313495,218.13499558275967,69.96625542589048,2.0367694013213318,1010.5321376923534,409.7066788755163,Temperate,7,5.3896879580949655
24.06170973741077,10.540605825145668,68.29815377475072,-0.529268233731238,1032.4137318907642,399.8552969081923,Tropical,2,2.4458717575482347
11.421759067823597,177.60646725392473,65.46771950672725,4.2757743171305425,1016.4636786028856,418.2159321133924,Tropical,1,5.185184878615049
23.94450381636877,82.19446601657947,76.96387447456715,6.700766772266281,1001.9790599939661,432.5493307164724,Tropical,9,4.421180831391189
19.6895063175021,23.800290180854905,79.5530520857051,5.858419529409156,1008.4818079666325,415.1840163078344,Arid,9,3.2108553539434057
17.93846799816425,72.47685483454718,70.88406886291847,4.314489122911938,1021.1710663634352,417.2526411724755,Temperate,7,4.296970456417066
25.67005773304521,111.6069516787954,84.77530081055262,3.2625457215519287,1029.7075421829595,421.9272275511686,Tropical,7,4.7239034516222285
28.185997134975707,33.6112656237062,58.58310885866495,5.210683894955966,1000.3121335020963,402.306695034533,Tropical,3,3.544179225129657
27.587680714697193,94.09721572902568,68.06340540720282,2.539680700443297,997.9606049188876,432.02514658129604,Tropical,10,4.554899691825445
16.964694860664167,187.4222938018042,62.831776793971954,4.714536654034329,1027.9677214029743,417.023287964228,Tropical,2,5.2386856874228895
20.144725744892714,43.598840663899466,51.3346338292694,4.75820523874994,1016.1169134189672,431.3185689908911,Temperate,11,3.797707864605195
23.987580588421384,27.50912846859078,69.17319314157301,5.59031486124832,1006.0536581449891,407.6696700447601,Arid,7,3.3502243331339616
27.853270762734155,60.37973879427903,68.78252491616716,8.139490058366617,1017.2770326889795,433.18061922557825,Temperate,9,4.117079793631525
19.12495457292826,69.58589088109258,85.13449743242131,4.5886239507681506,991.914018087865,422.75155494034783,Tropical,1,4.256830278650472
20.886046140017097,140.63719632427177,76.30811684554777,3.236554561438752,1013.0270040527773,420.5304008585236,Temperate,4,4.9532688326695915
15.36199015596383,58.83553350676068,59.758131756707954,3.9616385317120084,1015.6225693827447,417.34024454353147,Tropical,6,4.091599690284897
14.822760255515975,46.96305497954451,88.54092566334188,1.3463861426663226,1020.3941611163026,412.5147138192555,Arid,7,3.8704310266199027
26.875154934365188,26.870163475984835,82.21033695525352,2.9579303033664126,1004.8888323816597,427.00531658473875,Arid,10,3.327556707138112
30.137440171424938,12.523648964137156,75.82097703468615,3.3860763428303438,1013.6854972912269,416.4035986984805,Arid,7,2.604439927997166
21.567939270517996,19.776816912157535,67.73515901150168,3.2138674030981114,1005.5966029915234,395.3293029641285,Tropical,10,3.033837793579617
28.021197387352146,19.659495267886115,60.405607632765204,4.228532308050583,1015.0430700453945,403.82813538293,Temperate,2,3.0281750329906507
24.169816150285804,54.1398547902937,66.27793223928947,2.7663701014266993,1005.8372294210958,413.14154247807255,Arid,4,4.009872772119091
18.129281472369254,15.27316857226906,80.88748619704185,5.681546000986707,1009.7351932867182,418.09998983165553,Tropical,5,2.789517651640927
24.168373633050482,63.90201390875995,88.84586305934609,4.000310597377296,1005.0334768416782,414.43411511100106,Tropical,12,4.172878654180211
31.228219398795815,214.98176474922377,85.43243528272188,3.9860495182920785,1018.2090899345892,427.1897078979366,Temperate,1,5.375193981663092
21.78504376534029,143.4049615219002,65.11150578213726,3.5081579252306234,1019.8676089332533,395.4889813596138,Arid,1,4.972621585438395
31.387861934884036,53.723019951395095,58.80382566710989,4.232786025788469,1011.1230354403407,416.4358793650516,Tropical,10,4.002284460961661
6.281529375461535,307.4058389619157,71.40886246911204,5.237647397001452,1013.3059039596802,396.82020774612846,Temperate,3,5.731416574590088
26.931415026251344,69.77168939890376,52.31560634437149,2.6993046764336492,1001.4112686829317,422.59712295484167,Arid,10,4.259459053484326
22.522282409429028,77.42780654298831,73.23167714184781,3.012825266387115,1010.6025868159458,414.05541285557996,Temperate,3,4.362178539767167
20.205955897204795,59.4863404030632,68.52397413701331,3.544410956835003,1012.598363063666,419.1960997202412,Temperate,12,4.102417561083237
22.550564659213013,64.98955843363574,65.33963498131757,1.9811936147901776,1033.9663447282398,406.3611703941023,Tropical,8,4.189496523959634
10.074586512394642,42.357647433123375,54.05296932733204,2.771113210417753,1004.1042637938067,427.79464931657753,Tropical,9,3.769483099043289
20.68196867297493,54.34752199470903,75.13600106569717,3.2856686896830114,1024.7134179100194,425.41724664058853,Tropical,11,4.013631888409163
24.14267542907048,178.3964580740655,64.6729916033809,5.311583771069092,1020.9748701877264,420.8354430301189,Temperate,12,5.189598206252904
30.867364268449094,153.93759078404352,58.30083164289712,4.393841993502887,1015.2450912359211,413.7048275313656,Tropical,1,5.043022395735011
18.890378690358116,6.6879777612642775,41.2773778671835,4.2903848670513165,1027.068963873561,420.79857285295134,Temperate,11,2.0396577790082766
17.149038382640875,17.19776032781101,69.72485094949364,5.2763469432519585,1015.9768437808549,407.9310743201265,Temperate,2,2.9012985275988976
18.98945773849278,34.02702403171178,87.72251596669744,3.793942317400905,1016.1132735653434,423.5555565902071,Tropical,10,3.5561198787535906
27.492412706212445,127.59819671019655,86.6125921454787,4.5856972748933345,1012.5750347758596,431.4948089432392,Arid,2,4.856692789233947
23.972506657958107,156.24678954873897,65.42903743413729,3.8451673706012555,1022.7885510593491,425.70610559979184,Arid,4,5.057816479147901
18.821438777397766,111.30910470641594,63.97787939638219,4.398043524099442,1021.771753870487,407.7039753019259,Arid,2,4.721254933314785
25.079604598680135,23.70782342999324,74.68774256075024,3.125862013582627,1007.9945817000303,418.61417317273106,Temperate,7,3.207119931539429
22.58246529608824,43.08324401588199,60.016145608117085,0.34177426258535615,1002.4460224432098,402.06858456241355,Temperate,9,3.78607975596349
27.811869943197337,95.26551835858979,73.01791899819466,3.798581256720544,1011.3761549008348,420.7239031117568,Temperate,7,4.567110189871417
17.787681436735888,55.01047207746276,77.6608027838469,6.13412220414991,1006.5996914848188,419.5060341286254,Tropical,12,4.0255386746358335
20.03402712041339,49.12378324254742,82.26933223884308,5.389323103362388,1012.4918034030771,396.3018366046784,Temperate,6,3.9144956108692095
19.647351081207056,49.709769303041796,68.99845923520047,5.448096226886756,1022.8995050774731,403.38216156087634,Tropical,10,3.9261185804580228
13.218910311207289,146.24291251587726,67.96326249823034,5.854196082709327,1009.3415867593056,412.16861103256235,Tropical,1,4.99208368905328
23.776721662387455,102.22395750189308,61.22017413243439,4.132986386442156,1012.6574129495074,411.9914025285917,Arid,11,4.636900972441844
23.566331633079336,51.925307072182044,61.7311964596014,4.295973561108394,1013.4641818784671,402.90523064581197,Arid,10,3.9688816190292657
22.030680739854766,84.96608019333969,67.73521108098473,3.0735221568484747,1019.7874470576422,418.88978729352186,Arid,9,4.453952802094403
20.59247719974912,20.682603240849254,73.67365506816178,3.5258907159594255,995.0248853281231,417.5147360894051,Tropical,5,3.0765102450478663
13.507775547697515,43.15265443804044,79.13584626233249,4.923656724656713,1008.1463976418776,413.0573086802148,Tropical,11,3.7876530484145676
19.476128063407845,136.8342178958977,61.96821049319655,5.805826655753224,1014.6902695382357,407.44208499841636,Tropical,5,4.926051643399452
19.943712900839383,14.262207308000889,84.92688568959522,3.7908305864785006,1022.6006316514149,425.48707126416565,Temperate,6,2.7253796620539794
17.186336384670287,103.11292105705238,67.2887639895743,3.3247161027228826,1009.0647804199504,431.55407113088296,Tropical,9,4.645476089503994
21.032285730003945,6.593224251005968,69.78632705651565,4.0007919382848955,997.987578351665,410.16438516153465,Arid,8,2.0272563037085796
24.42430514088723,198.24688606813913,62.527883208521764,4.901810123393672,1017.9576915677291,408.8783308284518,Arid,8,5.294544689282903
33.31711540726318,42.3006423148305,45.75759739727059,1.8342177757996874,1007.917100889395,419.91207665411997,Tropical,8,3.768167468959171
23.047466876991034,89.47506390464406,78.8404539636105,0.5557285702941428,1003.4826667272771,411.41970620253016,Tropical,1,4.505074275773337
23.545302344336587,72.74104017442946,77.36843897092433,3.1741947257626246,1008.0052368822942,413.60602799336766,Arid,1,4.300559498679245
21.553324505402998,74.73332091869037,67.18672442881787,2.168931361128762,1011.5237971387533,422.39653151724673,Tropical,8,4.32721823425313
10.48737270820575,83.8581719489794,70.66990717224871,3.2377897035290335,1008.1620426836943,395.9064391249271,Arid,5,4.440981297578671
21.8409167473047,11.60993914001821,75.159392177041,3.778329521773793,995.3554715432075,428.1830232485267,Temperate,9,2.5344853236383145
22.36138125964616,75.88511105012617,54.374541431134574,3.32012738646548,1020.1765295750971,415.7268052432934,Arid,2,4.342312243333215
36.77945267491172,57.60999287595301,64.70947322653706,6.178701301706118,1023.1990003302298,410.8850685543782,Temperate,9,4.070905208938305
20.845834211313264,42.49768002906464,77.94264679621827,4.49011714690348,1018.2121759307161,414.10765845778553,Tropical,12,3.7727076040072207
23.809284054001676,34.01093069215221,57.45710576830751,4.450711539416242,1003.8985146366015,414.6242935502052,Tropical,8,3.5556603182222686
21.79172938176854,77.30009707935386,72.9355793216663,4.933310716065103,1011.3880677284199,397.68798696555075,Temperate,9,4.36054884283448
14.987931774282808,27.831863301901024,56.43418195376595,2.2917503233288463,1012.9478294781643,429.94938227453235,Tropical,4,3.361481140220911
28.85693688709012,135.18506446597388,74.66429982433526,5.558667681130403,1017.7903551164953,415.41325632270616,Temperate,1,4.914014728862309
26.511598196120644,94.17060254620394,69.64358517702516,3.8863535701968104,1018.3467239097447,419.43002130447377,Tropical,1,4.555671097326203
26.74619168225828,80.78126104046433,53.848681840944906,5.005720925861819,1007.126609609772,424.5154977057404,Arid,5,4.404048134730356
16.543675271231567,131.37735231547606,81.64739354457171,2.392214150439767,1013.6559644513085,404.788375424397,Tropical,2,4.885656573852266
30.416765865616597,9.629703689815935,62.65408423201951,1.6693618509759034,1016.658243236922,419.7347189903523,Arid,8,2.3636523170656205
13.588893623246314,20.016289644680718,61.89747562985619,5.226834487037543,1024.646578577174,412.3235890910121,Arid,10,3.04529783439146
25.52114256280162,97.13059374876732,72.00569197230944,4.564614289146275,1018.6360523185978,423.4677077521649,Temperate,11,4.5862991808346365
35.142733754859876,35.77348462205179,81.48637349428715,2.646922668463734,1019.3124534990042,393.72772579648506,Tropical,5,3.6047770588961767
16.05678204921587,39.811655401685606,59.841781810216034,2.6955053780879585,1013.6706130234348,414.0090569975873,Temperate,5,3.7089677122236924
18.602213622383367,17.21556636389218,70.61679849847971,5.688152176622154,1024.283673161628,408.9717934421604,Tropical,2,2.9022765232459955
22.597908190525846,27.904024839666207,74.28816500330574,2.2158821606990085,1016.278102367676,419.32262950634157,Arid,7,3.3639808532300446
18.979146075302804,137.22094603269764,76.93105607263143,6.464009429883945,1006.1112967186115,419.700441873682,Arid,8,4.9288534630378695
12.696019413603203,95.52409685234771,71.76441555277225,2.649068898028197,1024.2269597610016,407.92374105177976,Tropical,10,4.569792685487492
22.411377848836164,76.67433485488498,66.32972160916678,4.957587888412575,1018.5832261803122,407.87826135823957,Tropical,1,4.35252489206105
15.62617771764337,41.14008897252707,61.724097793512804,3.507072286376523,1009.4556478309721,413.8933463144267,Temperate,2,3.7409995197294634
24.84155458381109,73.16779594798244,70.86143883046375,4.904781146623515,1009.1640562608061,406.0335777268479,Tropical,10,4.306330039087198
16.48345459459718,145.36791641586626,59.27860988014393,3.1838289968287112,1015.3726043611262,423.41983695452126,Tropical,4,4.986123427345457
31.299606430105236,36.54856082109546,40.78649516505393,3.755810640891559,1016.7054783621406,411.3079279955255,Tropical,5,3.6256350504741928
17.300480245982577,64.87614222680409,74.36559804157667,4.061378763093582,1014.5783381250496,385.9301178067836,Temperate,2,4.187776346017526
20.067630902765945,206.29229155525798,79.03934841086195,2.4967188163277907,1015.490469387543,411.25177943378196,Tropical,1,5.334129833778132
26.88110330421802,110.30048876601938,46.37067564458162,5.111236518130189,1026.599658996611,404.6145617915603,Arid,9,4.712233649700602
14.614814101396268,41.63505574064014,59.90269295290062,3.230179650292622,1021.572345217879,398.68724184539053,Temperate,1,3.752676819584741
23.364759607624777,104.20799243062915,76.19154261005198,3.657100126989972,1014.5250847301202,402.6257336177743,Temperate,4,4.655939271092938
29.842856525694568,14.012547765143246,90.574954697117,2.5084759380872317,1020.5304846461398,416.0940847183297,Arid,2,2.708886369092514
12.355100592632635,62.89633882016625,70.20793707675408,0.15649951180703425,1004.7398087717797,428.2864082824823,Arid,11,4.1572620642829845
23.107803151193824,104.12887116547279,62.71997058770866,3.7134583560997463,1016.1834163995745,418.1318447386498,Arid,4,4.6551869420191325
23.55929676549054,88.29040481930647,68.1710355889516,7.618923132419374,1027.4744507978648,408.9349661178426,Tropical,8,4.491894033277459
26.690937230663863,103.42926825774182,83.74876419148185,5.176906431847035,1011.255632836861,419.559041951707,Arid,8,4.6485099834549555
14.578295734731508,119.66807085498746,63.54035820875465,3.9711094303984082,1006.2189285710473,410.40909689781006,Tropical,11,4.793043560009739
14.077260321494343,93.3010103665103,62.00807993349746,3.6056637561875986,1007.7832888912556,408.05399630836854,Temperate,12,4.546491903967064
25.131649393701387,91.40400913024001,65.17256477817968,4.0336988392180695,1004.2829357012608,403.45637331767017,Temperate,9,4.5261703665617805
23.781908039399116,77.9770153133448,60.466713917412875,4.820678672762815,1006.7219047349784,397.4817119324828,Arid,11,4.369156864733498
23.50295710207526,24.973760229252882,71.22670315994796,2.2287807770367327,1010.0359352112798,411.10076293440557,Tropical,12,3.2570868064622958
24.078689256981853,137.18009457860285,86.2467845846956,5.671482542003308,1001.7554638465708,416.5805348992013,Arid,5,4.928557867519836
17.919851670529056,64.6448377539732,73.23079273116029,5.073071973161866,1013.1249466715968,414.0337632998511,Arid,7,4.184258964815851
23.39352218296602,108.41500820469243,67.47646497873713,5.077278588561901,1020.2182173902931,410.8403307205264,Tropical,3,4.6951480670932275
23.758434839792088,127.80571357492278,67.08188731084456,4.657713608214591,1005.7379505588247,405.5425393930322,Arid,10,4.858305172740123
17.713891491841792,43.411226178963,54.36809191303343,4.029424986540985,1025.1542713891342,421.0824619168497,Temperate,4,3.7934922793475967
33.19464706686854,46.65240718897656,78.83109777147159,5.00929185395023,1017.0863367082208,401.82868080053413,Arid,10,3.8639331469559353
24.842997525470725,51.941672037353584,69.22162802987198,4.887721200612067,1021.2446446849924,422.7602791384347,Tropical,9,3.969190779929851
14.852179016784108,154.81169574181058,68.19520086409375,3.4689389335884644,1007.7373235691829,404.97782981073277,Tropical,10,5.048648199565268
25.939321651802977,30.318690699646133,101.93107567844861,3.1395973406546487,1019.8362018165329,407.47564762646965,Temperate,10,3.444215066278362
16.15190997863607,172.781505751667,72.98752908365687,4.15278444289298,1004.2645287968375,400.3321480938432,Tropical,12,5.157798796074103
26.722507622454714,77.34054285194665,62.48208949904816,6.323530227242781,1020.1219800066921,409.98597853114364,Tropical,1,4.3610652576487885
28.951573474044423,81.4298160284762,65.73642403794457,2.1413393865191486,1014.3747147183483,424.7531245847798,Temperate,2,4.411947216471089
17.075906089889738,123.96755734885207,81.48445709196756,1.7987121013713399,1017.4260097598783,420.1562808844396,Arid,5,4.8280541624064695
27.78025677546593,71.00670831957001,71.13270410537764,4.247141261854775,1003.5952431550012,424.78422112028034,Temperate,3,4.276759285781036
24.47668556161899,138.2125423023963,55.61722021682633,4.076331552784027,1005.8394412617872,420.22142545933934,Arid,2,4.93600184658841
26.93236095996694,43.36299340161886,79.19228934575203,4.260012496555612,1017.7778257460271,403.9633017146963,Temperate,1,3.792405639953456
33.380757895923686,169.14089868784518,63.31855914461006,4.36592979686275,1005.4132159662064,411.69210775672445,Arid,10,5.136626909582954
20.52767130398278,46.205848916720775,88.73297776217545,3.6651966180477924,1016.7056503367929,407.1980087088254,Temperate,3,3.8545178026414773
17.47758301385506,173.4064770274477,80.80048065714648,6.2347951579031236,1002.062897548318,428.3057490403904,Arid,1,5.161388649704098
16.66291342224686,47.237272319492725,65.52678104341248,1.5986440322852267,1019.7853937013333,403.03211353573687,Temperate,12,3.8761320068628127
17.10513829020737,53.14839713210055,82.81016361735112,2.757254462829631,1003.1398134818519,423.9369768938911,Arid,1,3.9917283724936703
21.537389743515376,27.09517788584933,70.67855510527403,3.845117859776429,1017.4183995014362,423.92953870108767,Temperate,12,3.335597956128005
24.046911848899864,34.35853349659397,78.52773675122219,1.535216783268749,1018.0050474691681,433.29620201716085,Tropical,1,3.565539763396779
23.660144795980113,64.89153945173278,74.84732817294474,3.7362183933518933,1007.4258254525633,410.903134073705,Arid,8,4.1880100486189935
26.963099494216145,79.50762796460532,61.536433450091266,6.492205248592027,1017.6562125366778,422.1232215958016,Temperate,3,4.388351937259616
22.078011351267442,131.50981771136216,63.56450167682538,4.031329732443942,1015.0835381066685,437.81651836538845,Arid,11,4.886656738616117
30.721204462943902,56.21563530779204,80.29960817581161,4.346051358578025,1008.6892651504581,408.823583230663,Arid,1,4.046827205575759
20.412059000572263,88.42822450577897,66.65224667893459,2.1097528522411295,1004.9315625273904,399.6495975246764,Temperate,7,4.49343634270891
38.32101499953771,75.6369318251422,65.96351536758003,3.0754578879407837,997.2989944666193,396.19989966092237,Arid,10,4.339079099264452
25.754004086590037,95.46722839347935,60.44877420650647,3.4372054295140946,1015.7972003783975,422.1271202886133,Temperate,3,4.5692033485269645
16.857054661502303,38.85909811140436,74.23599065593461,3.5234273548656487,1000.4815778291036,396.16849791941416,Tropical,8,3.685350688121351
15.574645011633326,42.833728896761976,90.62524919243145,5.922465692505654,1013.7627535955305,411.2768094706208,Arid,4,3.7804035871697206
24.89483449145911,38.871814185571836,59.32467085745727,4.836536591087687,1010.892414271342,419.3731318703896,Tropical,4,3.6856696628805494
20.659223288044895,148.84636846514275,70.24219456672758,2.3328130645944523,1018.4331422035056,416.85175536829917,Arid,5,5.009610559002164
26.284002964552553,170.2148910592598,84.12220555415429,4.369757167648007,1010.5836360040811,419.25444864184175,Arid,6,5.142919440411389
24.83942574744127,41.323451704778044,69.20358608754285,4.747332622745178,1010.3644177092233,417.2228985580085,Arid,7,3.7453413462462084
21.563026524058763,42.02274696886668,74.52371796249734,5.7102235577819,1018.8549656343064,427.78865813313394,Temperate,4,3.76172897509874
16.919237691589572,104.98346060224691,59.376064718531204,6.37081102985256,1015.680464232673,405.47683619261204,Tropical,8,4.663283049883526
12.910916651884811,182.76252346987135,74.28307097207649,2.477358712258197,1015.5292476574622,408.23004861541466,Arid,6,5.213644290708579
19.320910287597872,209.0543850405852,68.12855734995452,2.7837137331844928,1016.7541407184682,407.27340554729176,Temperate,1,5.347366473572612
27.138392765940836,39.76513359627128,79.85729995679863,2.1136332116280756,1000.7154230143432,423.3019181186261,Arid,1,3.707827147339267
23.284562464781224,48.58313575376103,81.87386051564751,3.648970211339528,1019.0543094398959,424.00398588395063,Temperate,9,3.903650770951593
14.525567327728073,82.54508643897688,95.89563642018614,4.699537561669501,1017.8997503521089,419.5122531931851,Arid,10,4.425386443485309
23.039085555107093,85.47235869285173,75.79633173213576,5.481001774883653,1004.866534971388,426.8349366688993,Tropical,6,4.4598248101862
24.31190427837302,57.94026433551079,73.25796316582166,3.886073464536216,1011.0473562106064,403.2195913262362,Tropical,10,4.076524462123224
16.696855382793203,33.35601854164987,71.94384301577335,3.5202287151177343,1012.6855416989789,431.6722411155114,Arid,8,3.5367772155955857
22.92235063567317,64.97058737702935,66.46833707189312,4.227636988373111,1011.9240257247861,430.23238621712255,Temperate,7,4.189208996894237
22.349252310676,208.9084045270876,73.38483843461691,2.7472856475549654,1015.6708797325483,422.35621997245744,Arid,12,5.346671266649507
15.142178213016262,43.35047884068687,67.0459858986097,7.1343080825421605,1024.4509342546494,432.8179890877106,Temperate,6,3.7921235055560825
24.1467241620897,78.90363530811393,71.68460976269614,1.5885084593229122,1021.6541338213826,398.43376792322226,Arid,4,4.380821349961421
25.364707158209406,300.8116331087601,83.17597535607959,4.277110868343587,1002.5022464525488,409.7555186373735,Temperate,7,5.709803091345552
28.498307459051663,42.838657756258065,59.934574347203586,7.035409328844459,1017.9765599224484,407.6469653931805,Tropical,9,3.7805160252973784
28.322812312209418,108.44291787375954,81.39878561129045,4.010199766839997,1023.6314665562833,422.2147932375734,Arid,11,4.695403115377002
13.733983792257455,214.7283955522681,83.17115067339866,3.7149414474977585,1016.0944681655136,404.4985926039785,Tropical,10,5.374020188459477
16.373049760509264,102.05606109961182,68.81931473008922,3.463831865784359,1021.7278434014877,422.57495149337484,Tropical,10,4.635273122682133
25.09021160325196,141.87345498682643,48.78145100991405,3.729412477356388,1029.0981635656062,428.70536143996713,Arid,7,4.9619593083160085
25.08271570547325,118.6459039632117,63.921780129055676,6.059272712014796,1021.1896763688559,421.95202900084,Arid,1,4.784536580280829
25.090286117836285,96.44300673085138,82.96994546561109,0.6822071330057398,1014.9944687651338,417.837510236615,Temperate,10,4.579267660739734
45.11638894392833,166.54258563434624,69.77131937701118,6.300150551944489,1021.360707792678,405.1212665909925,Temperate,9,5.121237561544062
25.425343064159,106.09016810861638,60.00697767705089,1.8640642713247821,1014.1591026647751,406.5314903387464,Tropical,4,4.673671172199733
28.813393841083595,58.40374945830177,64.95225078771783,3.600021506148378,1013.1912243462797,427.49618905296666,Temperate,3,4.08435734657011
27.724010580959213,74.53355156293631,78.40620026504553,3.3561333695520075,1010.1886861142901,422.7934900390533,Temperate,4,4.324576949104363
25.908347507834787,87.57464510775328,75.4673356820138,4.88282990465608,1025.507306870657,414.60980480622453,Arid,4,4.483845644057122
20.108384532157928,48.34777516427219,67.61067900830305,1.6028134721743785,1006.4525706724639,410.8209045423411,Temperate,10,3.898892682072394
26.553815322959604,77.02990658943692,66.33175588185313,4.693258999122914,1025.258941797425,394.74192126888624,Tropical,11,4.357092171017059
17.36304871277457,69.09350598394734,66.08241850956178,7.036464434930279,1016.9989129899229,404.2914758131556,Temperate,2,4.249830150433243
20.579088359559947,105.86328075802396,60.77589815501497,1.9552389931107843,1001.8055506015845,434.1141908713972,Tropical,12,4.671550267518423
19.087818713025378,252.38929613241322,86.15375689469442,4.284559251415594,1015.9411943439313,402.19544428997534,Arid,1,5.534927026002018
22.491244836317936,80.39181253533732,66.7767953078866,3.0070267333050866,996.199787938787,416.8947982122108,Tropical,12,4.399274684845711
35.887951400041054,185.80856758721356,82.17158520825497,4.638830809289553,1018.0040641346483,425.074439731952,Temperate,10,5.230084389770884
10.796408844449513,103.24326987338941,85.21316051922452,4.028721666123628,1020.0818518639119,402.4507733199771,Arid,12,4.646727301025575
26.11756114224708,76.77488365635372,79.9831089814796,3.0377696364335356,1008.2611523547836,416.8471047478108,Temperate,1,4.353818546882276
12.32370477286209,46.168202961405356,65.68379687281951,4.7318084273066106,1013.9883815676446,424.37915537510656,Arid,8,3.8537199995046403
19.1684088052634,77.20010018004082,74.03730090336609,6.7065221646801145,1028.6332594700023,415.1249932190725,Arid,2,4.359270928625135
28.533703581804197,73.77163482723876,69.75804393609084,3.713644312409052,1008.9540263659045,443.68403055666766,Temperate,12,4.314438599521206
22.385680114572775,36.654358284716494,60.96298139269872,5.079636913222273,1004.5287393035472,398.31400741121803,Temperate,10,3.628448705440671
15.533531332424163,41.768948501670295,73.24359281721603,2.0600905631932545,1024.8533072197008,425.58728529883876,Arid,5,3.755812336986177
17.708177744440192,88.10458063008039,58.20960208840198,2.565345434772987,1028.7006975242464,413.27198262603537,Arid,12,4.489810743144995
26.077586493608056,184.59121053036128,81.87679388461564,4.7086094168205666,1013.0295653747828,422.71920154836675,Temperate,4,5.223546462174476
17.61780020969718,63.32865289058859,65.35382702701607,6.226174042803947,1021.0917042832668,419.41307151699243,Tropical,8,4.164005144594116
23.29875153749185,16.364045002181843,72.0115965587284,4.53342002317849,1023.731807324247,407.6684380289,Temperate,2,2.8544016891284048
22.27343103942288,26.613772782979012,72.83287871546142,3.5304129542152687,1007.0601261396929,417.2899639245934,Arid,10,3.3183146621331363
18.0903979143651,110.34416303281746,67.41095026295923,3.9989371081350313,1009.1175533170571,396.4209854860171,Temperate,9,4.712625972327761
34.863664535951955,19.999451090535235,75.86693801475275,2.124388399045424,1022.8469961052378,421.03247500571393,Tropical,7,3.044496298835864
25.803514133908067,122.63134669429712,65.25096343377476,4.90677298953305,1026.480114229668,417.98158465990525,Temperate,7,4.817304126900519
9.849144480054356,106.19517087383787,78.71297297457244,5.3234995934851135,1017.5030468813949,421.38660168643105,Arid,1,4.674651199803342
23.118725888616567,61.67527236424513,56.54020319753251,3.3218645007503795,1005.9614851719836,425.5811832508715,Temperate,12,4.137966989694989
18.029281211389673,36.93972782685114,71.26379579546412,3.2949367783607477,1028.8964888935955,418.6761984020971,Arid,2,3.6359987907028324
27.114600008777344,54.969111236475,89.38928999058285,4.398817344478073,1008.7522328175043,416.48089419798276,Arid,4,4.0247999534932
17.244875569403796,86.54937567647188,59.99668675394425,3.3449203959391065,1010.3188977506284,406.1893166333871,Temperate,4,4.472202927655285
21.311581351198605,20.672526984403618,63.222550294751485,3.9008010780612663,1015.738702675917,407.8777923635095,Arid,11,3.0760454208586774
25.02992367388274,172.46861241942264,75.13907849658915,7.149582683749773,1025.4332833657181,426.86734620177333,Arid,3,5.155996674775641
27.194531165020727,85.97726627961833,71.79581781939598,3.629461448881005,1019.8318078124178,429.3633540570598,Tropical,7,4.465646777377103
14.798221557665343,93.14429766608625,73.50630099273559,3.4624897719681664,1016.3189240028953,412.6188956368795,Tropical,12,4.544828686790831
19.992992584954308,105.66930714191722,74.89187130147664,3.028687291547261,1016.7063082409448,415.4600274725327,Tropical,8,4.66973346127475
19.150328133034265,161.553706656983,76.3472146856177,5.116287957249905,1013.3481173491477,405.95385625006236,Tropical,2,5.091008449670381
18.080024604557728,77.3386268009887,81.09699841956223,3.7281637401728456,1017.465116116148,426.72756845267446,Arid,4,4.361040799375717
32.59272544168658,110.39094214627518,74.09818656928513,3.025940442517861,992.7635193784456,421.65416823691777,Temperate,3,4.7130460149080085
24.429890265765735,37.4828916433334,67.58742345381458,5.9819560484095184,1010.6271403274416,434.4121743646375,Arid,2,3.650213769630411
14.43469627398973,209.61499376724166,76.72573701202731,6.129404506770456,1014.9305754793343,406.2167692282026,Arid,12,5.350031792641579
27.507171682328657,73.50317257094385,88.99881934895215,3.099364651391942,1003.791887331044,411.2199210098178,Arid,6,4.310841709323689
34.7329371820758,37.319225095718515,68.67366253617426,1.2001900729590758,1016.0905865424925,417.31445922525575,Temperate,4,3.64595173097018
28.19479156330688,46.17831628262142,60.254706953293585,5.511270534755383,1011.364230232111,421.46489537725773,Tropical,6,3.853934386242717
12.883780204275919,8.954282099482958,81.07080669286972,2.973055261359994,1027.0438055865238,412.8433236245237,Arid,2,2.2980028203485223
19.094595562802493,45.9312289027143,68.79618836046401,5.1859383987441525,1025.584157801719,406.270389095463,Arid,12,3.848683315329971
29.601466895119735,3.4919702552052363,48.27330453985964,1.044844273432247,1009.2735554470547,423.8140752892357,Tropical,4,1.5022914151279232
17.753983206287316,116.0351157202474,78.47421677150422,5.338896007448964,1011.7932983074664,422.21135362545584,Arid,11,4.762474024127537
24.66291656887737,91.13909978148179,64.64671814046078,2.1832421060788283,1012.4084194751329,405.83725899436274,Temperate,6,4.523299389343718
26.64780432057602,28.16189738466789,69.0946671769584,5.096146178599787,1009.386724190723,428.55442801105494,Arid,5,3.3728629730849358
16.4384171705315,64.23308984238784,73.31980330569014,4.021409601754651,1014.560199872225,426.70198709196603,Arid,3,4.177966853111541
21.6428478636292,66.48080533816074,71.90499679779066,2.5690908709050326,1006.9337434488992,416.34296497247794,Tropical,8,4.2118431920784065
2.5523959595855636,22.95611232578702,77.09451817139039,3.3894455306098292,1003.9550773204998,415.7959786237604,Arid,7,3.176223503228551
15.85367415199426,55.894747531239005,65.64513629430157,5.029477685435051,1017.9816897912021,420.5405777111591,Arid,3,4.0412030263483665
20.48459109164104,68.06470570211376,75.13105798176083,4.158841679672851,1018.0362366737745,406.3829692974374,Temperate,6,4.235043828970236
14.513300908210903,54.69977365246451,67.40453322416083,4.876619470708726,1006.5654739227201,415.3003147916408,Tropical,4,4.019976083234937
31.794467823589812,37.2865238432168,77.38810480887503,6.9646608767732285,1020.1628434461009,393.4761645539082,Tropical,11,3.6450979763906353
13.419151732236204,27.1666635645437,76.15367484013053,1.653637582433423,1007.9473781666774,423.7645564550294,Temperate,5,3.338139135560469
19.3597330798181,53.178785782887495,60.645612979554045,6.425818862452935,1015.0253219043038,399.38506777558143,Arid,11,3.9922894256064048
22.78444346371655,41.30720985064839,80.85982116175032,4.156533906284819,1019.5627521008996,430.03419828428997,Tropical,5,3.7449575171698304
30.64763973439669,100.82148191207298,64.64036554885952,2.6518239275153075,1012.7310994823703,411.6987990603355,Tropical,7,4.623221102601955
13.384827092923363,168.18287750815142,78.08057798281145,2.0045295613915153,1016.6379272971291,412.88333018068823,Arid,11,5.130980245291051
28.978982512929758,126.72099795972358,73.6728731340134,3.7163194138344497,1008.8685628488994,408.72266093915493,Arid,5,4.849848181468761
22.061398366117523,69.79361946001448,88.38183676795123,5.382475167886689,1011.4282673325753,412.1196112607792,Tropical,11,4.2597688760173025
16.110948093712295,38.528646175654984,67.76534017628148,3.8086763194336988,1011.3531245529573,429.18531345148034,Arid,3,3.677025628699223
24.772620845579624,124.40242304709906,66.50683203881802,6.2667323953710214,1007.0273732276781,390.12191343464923,Tropical,10,4.831527950556792
23.19435817344082,105.14010681859644,69.80580394112268,1.8232364649226618,1011.5858066950738,427.7696538608819,Arid,5,4.664759983792652
18.398698737047233,160.46069425363387,66.96820217165724,3.981866578230918,1000.61105360909,418.3802348110171,Arid,7,5.084261733806714
22.418812509940114,77.40012823352929,77.9994190194205,2.1214098333803215,1009.0707700228631,402.92978352142785,Temperate,5,4.361825562986776
19.68811841882944,202.49574222288672,53.83689391563412,4.545447823937452,1010.7209960530427,404.2468760695076,Arid,5,5.3156450819261085
22.681104071507487,77.41788032329772,59.46317580853646,5.33033108514595,1010.9505619800369,431.763930272082,Temperate,9,4.3620519667016
25.97278404712628,38.36831137293392,59.32197078420807,3.36885730947842,1011.0680204330338,405.5449312005727,Arid,3,3.6729612128225306
31.51610089687211,44.670832518047455,79.50307591973575,0.09367921505929866,1012.5058864011189,403.4664948940404,Tropical,6,3.8214598560223854
14.573107007038907,97.47454322662308,87.10613372581925,4.298422220194742,1016.8355321446885,426.3731454236473,Tropical,1,4.589798070375768
34.7982002479376,41.21266466338596,68.95550781462528,4.655107827600264,1019.9961365930602,418.38552876285917,Arid,10,3.7427202865245923
10.28747320286499,201.5850987427443,68.31178276809989,4.606442132442546,1007.8018781852138,405.620744234636,Arid,5,5.3111600389751095
21.0892894297865,91.8320251154552,70.70052163113182,5.853673287733232,1003.3743931568869,417.1662497540462,Tropical,8,4.530791678486346
25.52990323890746,68.64847768430694,81.6187830260819,2.393419480526427,1004.6636447020552,404.74247316359725,Arid,5,4.24346084333666
23.685951206410195,73.05914250483201,60.72646865809426,5.020324158175674,1009.1023766304406,426.0082139842261,Temperate,9,4.304863997033776
18.263802881076437,54.23947023622459,72.38368982734785,5.7887612687169625,1010.184629457468,425.61370964873134,Temperate,11,4.011677738274695
20.75126649785635,12.29256828141815,79.7519762978243,1.3321186239902247,1006.8400314704203,420.32006198821944,Temperate,6,2.5872051032210903
19.041994392047002,44.69849294904016,75.01094169939846,4.479477738878466,1002.6310666860008,418.61661061247014,Temperate,8,3.822065320311331
18.46381145833473,185.4542663079371,71.89581616598744,3.2437302534884926,1009.3510333802064,432.61188124867374,Temperate,10,5.228185988143347
27.097612582126146,78.94199966749642,80.01046092567141,3.8777159903475313,1014.4514129609117,414.99686327388224,Arid,8,4.381301367574976
24.142092915790283,136.67490547706382,42.967677070007625,4.5215147253075045,1017.7602357266845,403.181258745792,Arid,3,4.924895148582585
17.842542428436076,139.3238292190035,76.77875319530908,3.2691571538296715,1008.5406155751334,419.4947391283231,Temperate,7,4.943952817440551
27.397599252599505,64.69780435205224,63.45924316872576,2.986437881257582,1009.6960174228525,435.86047049537115,Arid,7,4.185065505633075
23.843797125259655,106.34468061395674,51.69367103143543,4.051228626232037,1005.5864135292215,404.8524050681415,Arid,10,4.676044971294141
26.87717271303376,13.900260374685798,75.11202599524981,2.369131091705796,1012.7484866370017,411.38537233306016,Temperate,12,2.701378687609858
25.777773051541672,175.6779274005048,83.73658545162958,2.3712623066722216,1006.2125709264735,419.1644603810145,Arid,6,5.174328455849608
17.026029934467566,166.3460843190157,68.62551485372308,5.019059924434755,1017.5850225059296,414.4609515099426,Arid,12,5.120064029230118
18.638913758818184,95.57085371775763,79.52874547202939,2.276808947262016,998.7130680645271,405.17696419622683,Arid,7,4.570276974343164
26.483761630739572,81.05413943762537,86.12278257988646,4.999468751363818,1010.1229626203803,426.2185785623047,Temperate,2,4.407379266447875
25.66222159260079,65.35574777295439,83.14914453584048,4.693886939280927,1015.408858713534,438.20040722017256,Arid,9,4.195030385103906
21.87459043621511,147.41420043387333,86.39964529371393,1.4112899068141047,1014.47067613058,416.96131459023906,Tropical,10,5.00000701641047
22.703964299852693,114.98463843160644,77.42127491071892,2.9836530214965173,1034.544269311844,405.95931710264,Tropical,10,4.753457755023356
29.66598937473055,49.64717282094425,70.75433638901593,5.791164104571059,1015.7984001965433,399.51039474946526,Temperate,1,3.924883411189019
18.45057166698502,23.951836699161568,53.980341881028316,2.5282517032904774,1004.9675632252639,417.5797598122118,Tropical,1,3.2169474346849185
25.282584287020228,19.668586197149104,67.53937511870052,3.3033936065359186,1012.2362860232874,426.0387734331626,Temperate,3,3.028614972571069
20.786844085396634,146.37346188328516,61.567534046838084,4.693091339877845,998.7900293322684,419.75167746495384,Tropical,3,4.992969922048434
20.69391278063668,64.27293372919988,91.70942717497815,5.175085763923893,1012.3552020056259,414.97596159081144,Tropical,1,4.178577459227022
28.592661111923142,94.45976558320709,68.24114187567663,3.6226916709332566,1006.3355515439939,409.10728348210694,Tropical,12,4.558704855920086
26.952498093928178,70.71294036961757,71.23204806784486,3.1037347079625377,1020.3231222044813,404.0783636728191,Temperate,7,4.27267121067424
26.881057816003832,19.937315368089216,75.51485376040468,6.133554792547761,1008.6036778032358,423.3475132632488,Temperate,4,3.041532991305889
29.832872842925973,14.263080565227886,70.43602446372454,6.608349495696368,1012.0658726736381,424.13771621385587,Arid,10,2.7254368773851407
22.126023049796554,46.91261892699057,86.95051040430752,5.468287076172693,1007.9155372687648,399.5427021330927,Temperate,2,3.8693789128740197
26.091717827769784,50.23449035125096,63.77350638265548,4.127977213847536,1026.9108108148266,430.8983897818068,Tropical,10,3.9364129449249736
20.138399460439263,50.2086001037532,71.94607455237242,2.7876014175386103,1010.4300578710568,420.74071220894,Tropical,5,3.9359074887163805
23.94499811493065,51.3986431671598,62.57529414301952,2.754333390165152,1027.6604563478336,428.99594645145794,Temperate,6,3.958880697235255
21.219141673793892,241.69291349587522,56.79977488779294,4.783771157898636,1019.5132140969462,401.57872251514885,Temperate,9,5.4917969136901785
22.58197578995631,135.27839049415226,63.882309090947146,4.627597331333026,1016.856533818683,401.3417584458456,Temperate,4,4.914699782436498
25.57094215262148,79.77358082507253,69.62963202951588,6.102397889419644,1015.9498651785401,413.51030690232705,Arid,2,4.3916499420739825
17.090675900599166,63.037128823515474,65.7069777548274,4.975675138804209,1016.15037838573,420.0278442689519,Tropical,5,4.159463053012184
34.554323654112764,64.76293272314395,63.07579020126144,1.745379547360273,997.5786193652351,432.96360822926965,Arid,3,4.186056347124902
15.963895711001788,112.1081350355827,55.93682536328166,5.577921426584378,1010.768932846794,422.06078913815134,Arid,2,4.728344308347796
14.714868323273606,62.58474580093068,69.16894427371305,2.5029090590283807,1019.7612637694746,412.5731872318797,Tropical,12,4.152373595681133
28.948665241000406,126.0639689936532,54.952796259689975,3.4240430920714724,1012.6088225322071,404.7363079233411,Tropical,1,4.844690652511333
26.749976163777617,86.20771328707843,77.60055963689602,4.3753003093775416,1001.7584812255714,427.3000057271915,Temperate,10,4.468292782130056
25.744718902312933,243.11260335498798,70.82439752934503,6.993501234675946,1012.5807643953802,405.35294574249286,Temperate,2,5.497629607999617
25.77007305558568,59.714971518785944,55.4244850053507,8.664877834008042,1026.6328441300438,431.2846855477232,Arid,6,4.106190315408842
21.926519362918512,141.82896713925322,66.90790922950137,4.910084588704274,1022.9751337242777,412.1561535039349,Temperate,8,4.961647880449197
16.616473771085012,26.0943918721598,62.478435944094166,3.7252050719194183,1012.5039679250717,430.9058207261785,Temperate,3,3.2993267644834843
22.454827349162358,39.36470076210734,73.19174510419181,4.801758472720826,1020.6115942164647,421.7893129005928,Tropical,11,3.6979556595185548
17.93702973092733,222.40042304586808,83.40450446023145,5.3314831388107535,1010.0679438370556,413.6300451055754,Tropical,9,5.408965780303263
27.85071840050651,122.44618452271219,51.248275303542556,3.5189985616642123,999.3690273053862,409.8060362817387,Temperate,12,4.8158053082476355
21.11765571098717,95.67933580811955,71.15026079147417,6.692817033868483,1005.6042720949636,411.5909212265392,Tropical,9,4.571399685808783
17.04701681924493,283.72883298013,68.3986720443336,4.345106138787103,1025.5031101480656,419.2831669237524,Temperate,2,5.65153726411258
20.07168495008204,63.73529094398698,76.71340076450466,4.746614633637091,1010.8080553453656,415.7715649621772,Tropical,8,4.170306507885109
24.477588725653746,141.6021394566035,72.1319662823769,4.998886378081692,1011.0529281649999,409.06188591931294,Tropical,10,4.9600585110696365
18.617652683176154,148.67122436523522,62.48030668261181,4.632379915921684,1010.601294429801,413.3436858968237,Tropical,11,5.008441050939448
17.06667762660141,191.59256091085388,66.80946064333382,5.258410750704418,1028.233092716584,415.7857702971915,Tropical,12,5.26057687406384
23.462123268951473,23.26238713261036,62.03974143196511,3.074120220179615,1026.0076713228966,393.7126590558519,Temperate,5,3.188927296556863
23.469799426652337,63.409123612040375,80.76007138598598,3.1625473690809542,1030.7502418675851,419.58168114788697,Arid,4,4.165255294070336
18.958340947773223,85.12579145147652,70.21311648671943,2.3497686505424578,1011.7276383167996,405.2027877528319,Tropical,10,4.455808918858815
19.173770166290062,189.54145825534883,89.01190685753008,4.659251845930339,1015.3649959099768,403.46667596794254,Temperate,5,5.24986979952608
23.392299624145817,92.93670930275432,69.39339186185379,5.168404755268171,1000.8668596046336,398.1265565288929,Temperate,4,4.542621250208353
13.311493951016056,148.88641747776998,62.91593233089537,4.686659299227829,1024.8154754089462,397.0610750213211,Tropical,8,5.009877790447931
13.55521735374067,21.243880450252405,54.862856073871725,6.5117386500213055,1003.6577635898565,401.4455249688771,Arid,4,3.1020669348392156
17.689334672485383,52.45090554722091,51.96860323744055,3.9916059717564303,1014.734204510101,407.9097904236951,Tropical,10,3.978763579277418
20.719317089728918,165.9299037111293,54.158640569945106,5.003112483388769,1004.2215797789372,434.53259137526567,Temperate,12,5.117573986045285
23.86544539358803,58.12271174696746,72.67126651011483,2.3624486857910285,1008.2890653860904,409.74120324104797,Arid,6,4.079615144109118
30.85213730169731,67.47440565313364,75.08725023229934,3.4193504462883983,1006.3019005516024,416.7775010626803,Temperate,2,4.2264600353470865
27.145957739212115,187.55794491576916,54.188092979678665,5.0433066363486665,1008.1369979145935,419.0048138650633,Tropical,5,5.239405359733996
21.040368820219438,31.79714262294653,78.95038314076115,5.273653166114716,1008.6870183748082,416.31065186215847,Arid,6,3.4903413964412833
21.885902752583867,38.81509026429869,65.1693894831656,3.5590495785037266,1008.6138496405994,414.22556539274007,Temperate,5,3.6842459927996094
15.984823812173147,19.02558436900017,71.4679301198555,3.8926011222129,1019.6666712942424,403.04706236400756,Temperate,12,2.99701067450118
21.88892118404566,192.4899456236439,86.12220628255425,1.7231893799787859,1004.1610976554998,429.50927548279213,Temperate,2,5.265225550518514
20.26804816647917,133.59148462972678,78.96839315865532,3.464456198790086,1014.764331416111,433.07196643637883,Tropical,7,4.902244150942842
23.936311362028537,131.3022446223784,67.31469352094167,5.335574745279679,1022.7436732184444,398.1734130587731,Arid,4,4.88508903713253
17.036614338686064,51.25998654183135,61.08807774584713,4.86280752415985,1008.8944290838929,404.75971409113623,Tropical,8,3.9562310025691145
25.116079085447033,17.575900708478486,48.48184598670695,4.750998582071815,1007.2566488740192,412.20189657622996,Tropical,7,2.921865079790437
31.196433478015464,12.684532699357177,62.8084668075758,4.07466053077144,1011.155802998558,405.3546220508981,Tropical,7,2.6162661949865083
21.347439109258854,166.74363665908447,67.88869761172306,4.010594737942265,1022.4378016668857,420.05965553455866,Arid,9,5.1224368416544115
24.410270332593647,100.23249981148555,60.12820472848816,3.0095182907898295,1014.5528610476268,407.7172779759339,Tropical,1,4.617419849679814
26.140863950266677,114.03882495828731,68.68743032907695,5.048242630303802,1008.7502856431393,436.65056067806603,Tropical,10,4.745269679719313
19.592677168684983,82.26709155871495,70.76851882958768,4.631459416584085,1016.8710132095043,426.90548594343596,Tropical,6,4.422053411797157
23.3445548908625,34.8197630993309,67.75144018191921,4.738028271989199,1004.1816628013086,417.12574030632214,Tropical,6,3.578499782968342
22.07555440469077,53.19767432821524,63.4999741917654,3.210947735998629,1018.4508760835436,425.2698626331973,Temperate,6,3.9926379984514604
22.58605659129299,27.53815292970669,71.68654671966728,0.7699856201931334,1016.2688584616142,426.0590042435731,Tropical,12,3.3512418913035664
17.3619412968672,24.373960717349238,74.41940649569409,5.645729067630544,1010.5375322308889,409.36052511941756,Temperate,6,3.2337234795714385
22.147061045553656,126.2210918319657,59.096009225571535,3.2817438159873937,1006.2913136124222,406.8378275545804,Tropical,12,4.845926453449059
24.9879897474727,14.007512016965984,84.10932379746271,2.705836353935319,1005.9065526217323,415.7814306296965,Arid,10,2.708550876874241
30.70686164677025,27.71334505700915,69.01411867715738,5.04021836787099,1017.2785386907673,423.61636124497943,Temperate,7,3.357361999258531
27.75562495651124,55.72645388830328,70.18849622944848,3.4119810401213053,1022.8318440199125,416.3906039865342,Temperate,10,4.038240660805556
34.91909474506934,72.25763043937006,77.08214423256557,5.589904576069933,1007.9015380237696,399.23003517809,Temperate,6,4.293982412292629
17.395914622671704,18.78184820542211,72.33216131263502,4.9255089243650465,1016.6670936284119,406.9717555604916,Temperate,1,2.9847647599195963
27.23392382032407,92.09766062959915,79.53136633913245,5.0253539848007165,996.3037838511834,414.2602713640562,Arid,3,4.5336490564657
23.10005203443011,78.91092633661498,72.87124165201824,1.9510664331991987,1008.3230581547424,414.2433439567417,Tropical,2,4.380912593568149
35.13881759930604,164.83535481333033,63.87562625359562,5.817915978079601,1012.7515285370328,434.72542176789807,Temperate,6,5.11099545768537
17.150210287869093,73.18360401588379,73.61503525206102,4.391875796850784,1005.7225326641453,401.14012057601,Arid,8,4.3065431556195
16.961668946915346,98.84212188047948,58.56273792679338,3.4460842911306955,1005.5079490016832,420.0558924183587,Temperate,3,4.60359015720457
18.403644127335866,36.5895569740801,71.08559705776523,4.215082701013377,1007.6577635482489,429.8911310832829,Tropical,10,3.6267262717678763
9.256625654141159,37.959493201287806,69.6677000935554,1.33564715065252,1015.337541826611,437.71449745422797,Temperate,8,3.6625224705092294
18.845469869915433,20.854660970109826,67.9188314272746,4.612979217221007,1011.501367852749,410.9560257681604,Arid,8,3.084414215502657
17.445204030677814,36.905001748983054,68.71462488561069,2.4559427377268928,995.0941501334003,419.914294527202,Tropical,5,3.635083075649489
22.902362718857248,52.56602300017786,51.18150954502361,1.9709945712346983,996.0343987789195,420.69760357198646,Arid,8,3.9809149678272666
24.050535854662957,154.0871133210586,64.51275092259039,1.716461220673163,1008.1450785771426,416.9548173155329,Tropical,6,5.04398698047054
33.257025035295314,32.16467528510598,70.92844901141115,5.669032562484888,1016.6614926884284,414.01154798760695,Tropical,5,3.501485312038769
27.702543029116303,250.12498901781464,71.598563919974,3.056104909460817,991.0199612581981,419.35975389500044,Tropical,9,5.52595077940315
18.538578066025583,105.04253914218553,59.72324859074042,6.300591564874749,1009.002158590787,389.67753914780315,Temperate,7,4.663840326269806
16.609511971909853,90.399532095079,82.65707840864701,3.1962978054215534,1008.7900171478607,421.82069490062634,Arid,8,4.515240359137143
24.951515029039033,68.95477045412596,61.33825151785499,1.4389630636105801,1024.1067022256675,416.26177903661966,Arid,1,4.247848896843664
14.078600757876147,59.35999842103725,79.69457200526736,2.325213340077011,1009.9198255062971,412.77525103221734,Arid,11,4.1003266077405565
32.98875259512612,41.82304343264075,74.27194361871685,5.853717430010408,1016.0639118779275,435.4686219571956,Tropical,2,3.7570763556624676
29.076640724327724,17.99899613969934,63.53772690156197,3.766152733094999,1014.1300571206997,408.25065981209445,Temperate,8,2.9443861430179696
19.18494608737177,33.18131525483763,87.75310892609512,3.1775690552640987,995.9554681615424,410.9692401093497,Tropical,12,3.531679157193958
11.721192825454736,192.1866213416917,58.0636316824352,4.240027338779181,1019.1456577330539,434.9155330220473,Arid,9,5.263656671666873
30.123234244992478,100.57676605119548,79.19154173610002,4.752674104251318,1014.7231720436503,406.67938695150144,Temperate,4,4.620814828394517
21.31276092848429,191.0674809543721,80.00582318042979,5.676098223853691,1017.0661491173967,409.49884717063463,Temperate,12,5.257846773583044
29.426897871840772,40.914309350966285,63.293797909233554,6.17274884483939,1044.4099016514906,413.5297457656915,Temperate,10,3.7356272805823934
12.433434047233797,26.795497783387297,83.92465300064329,3.4603470313163713,996.3270964840112,423.4073448212955,Arid,11,3.3248740573433686
18.403749862277362,68.44226393975886,67.49953485401048,2.0109284708769426,1026.797573198089,417.0780250735331,Temperate,10,4.240495672639742
22.0314621983091,34.286363584860744,72.88693629279857,3.379802258315086,1010.7004198447971,402.0737465284774,Temperate,9,3.5634965885937495
22.28188356258845,79.48272707591342,72.6032183877122,4.3904207598743294,1015.2986312352241,409.6783143687281,Tropical,4,4.38804259091543
19.29960717112454,14.27576097625301,68.65691258529452,2.554361610684084,1012.6359020375901,408.92645566787786,Tropical,10,2.7262673222293987
25.73709959408499,7.6159474199913895,78.10808273159782,2.5642736276574354,1009.6061093328157,414.22778954776953,Temperate,10,2.153614837234653
15.594277423704433,87.90850221679541,77.93488720552213,4.5156818223248285,1008.44133657409,419.2584365862983,Temperate,10,4.487607775931039
21.145723089872238,195.70732250252973,52.51468026761819,3.927021472644323,1015.6360698845841,419.1820575588797,Tropical,9,5.281716951456207
22.721773790271392,90.73016638414323,83.04340242878152,4.04919549311738,1000.8626104266266,397.23988245951597,Tropical,11,4.518851293366461
25.086633004352493,99.85465768545673,53.37508011964326,2.8622569979498955,1019.0046333401741,425.6394098756086,Tropical,7,4.613680447621878
26.26968926853334,70.66909631687597,80.32546204341658,3.654398928691349,1009.6704447609179,417.52568845996626,Arid,2,4.272059640980833
15.252147448972785,75.80043775783194,81.26705136827583,2.6136502835975435,1003.9594452876771,428.84532047593905,Arid,9,4.341210340109152
12.795314975586265,17.068284713844385,59.09033569784802,5.33529761668718,1009.3998971360335,419.4419832729067,Tropical,4,2.8941581755741357
29.666060931391055,35.440815456236486,65.89185712045415,5.552874002085629,1023.0571937349006,426.0132295773576,Temperate,8,3.595689450193966
23.99388407187755,153.03792710388495,58.94295331514064,1.2307182066428592,1008.7173193038702,419.66545311450125,Tropical,7,5.037198851987071
17.50908078066068,51.62591103470185,67.85078969711265,2.605733709711385,1015.867628945677,428.4622575620275,Arid,7,3.963208603676011
31.306911853135137,150.9807857913614,66.91965715814258,1.7552061173648816,1007.1523497942762,420.22250636017776,Temperate,8,5.023754103588592
22.69404780575715,74.255945222753,77.7966053226934,3.0249640983896526,1019.063374799389,414.02084753557097,Arid,1,4.320894906790585
29.075783104382957,77.08394037592616,83.10308746119608,3.8748430453144587,1018.4840619103217,437.7243472044688,Temperate,5,4.357784406711679
22.405110888460655,51.94410573570546,83.95683810789956,1.8255321704522047,1027.7888706663714,423.89037122279893,Arid,2,3.969236748300741
34.36448754929192,110.3262609146764,64.37831973421697,2.6172102803120305,1011.5954884360062,420.73744421004415,Temperate,2,4.7124651775723345
32.53204505465923,129.27913870362528,67.90778126255472,2.4940639418777524,1018.3492384380633,402.23695583461665,Temperate,1,4.8696793692687805
20.50621510912556,33.758190548616405,53.1656180777905,4.310900994098416,1013.7845403163116,402.1169238253646,Temperate,5,3.5484152434788587
27.82942570572613,18.843889562202957,61.94129933503811,4.104016505554376,1023.3669742549041,417.9271548214185,Temperate,2,2.98789612912413
25.872255697510887,9.696230280811957,79.64851633097457,2.9173936699941203,1007.2493408991302,416.4552119776824,Arid,4,2.36989136918755
30.21178934519409,96.49039401009695,86.15582823548232,4.265231308209097,1018.9600425030183,408.8587743499168,Arid,3,4.57975385017673
16.210459236519373,88.81335392893729,57.65651128120078,3.179979873119102,1011.4424216310665,416.4098269961206,Temperate,3,4.4977336717014875
26.116308759990638,296.0521695356343,64.07535740847106,3.5925173345109203,1012.4864945831321,430.88626928043595,Temperate,2,5.693907778379302
28.350546921097525,70.98222593824164,69.73594243041073,6.510178135447806,1013.734019875587,421.954024745503,Arid,6,4.2764192265717575
11.447563081461315,61.689306033047224,72.80161158819607,6.010691577685522,1015.0179231714134,403.58991490247263,Temperate,2,4.138190875405612
14.90044892400535,81.45000080914716,61.90396480078354,2.0506281446086034,1012.0701676550243,413.88491172857056,Temperate,8,4.4121920588194
9.764606933439396,84.69713430231359,74.2406104446409,5.244598626818762,1014.7177054653642,406.9503351914744,Temperate,8,4.450819386331855
20.383558993332652,58.033783321482815,65.26160652929084,5.217094831737388,1025.6249444604975,411.1230008359144,Tropical,12,4.078109878702854
26.305253534775773,34.760163912645496,69.85547729121721,2.2776050668710726,1020.8835974849218,410.8638433437036,Temperate,5,3.576834533981763
31.01414231257617,68.1325500937943,75.462842480037,5.228166465632291,1019.9532367399752,410.22354417395997,Tropical,10,4.236025677658042
22.44456868251865,66.19687158264783,70.06422269810938,6.306897877618829,1009.355683791809,402.4486462802661,Temperate,7,4.207626692615795
31.77169327342775,65.38261340129124,65.63614109473431,2.316182790633379,1005.8860733741734,413.7234531848181,Arid,4,4.195435175828547
13.719391250710652,118.44005914509191,68.90390196074169,2.6237457684786047,1020.642404465902,409.3939236315269,Tropical,1,4.78281464841745
11.779705363869072,67.20270395301827,69.11637040794665,5.5264922002652535,1020.0083743402383,385.70551309997734,Tropical,11,4.222484211468439
21.666713806620287,19.278597151117967,66.29988970117873,4.4072429662384724,1024.7813654060078,435.5297202450166,Temperate,2,3.0095660023223605
24.304392693635844,39.88514573796778,67.41203937332898,4.827214412859285,1008.1681549922462,425.88769654216674,Temperate,10,3.7107668121903874
21.80383151143544,57.470119727177085,85.98647170504717,4.510883824600745,1011.1636107571172,411.23699275075006,Tropical,10,4.068515849853981
9.59534739976074,69.63505435577326,75.6091944794124,4.586043881392216,999.8841266997965,415.18819049740597,Arid,4,4.257526541893639
21.46527976292327,97.9314220168989,67.0451968197084,2.0102918075333758,1009.8602311515131,403.2834565268244,Arid,1,4.5944269032023
14.17318299697088,70.05184469607596,76.96954404510736,5.570976559932173,1020.9725640846356,431.95722877810863,Temperate,8,4.263409817556891
26.01803529298023,7.840228633591338,66.6618051024399,5.75438498864166,1009.2680369661745,433.9728869477311,Arid,9,2.1793127398435286
24.19958947658109,21.678366004622283,81.73124637586642,3.6559138838979583,1018.1238383616065,416.56693728246523,Arid,4,3.121411430612564
16.36072128203587,102.6934954326571,73.69642192198094,3.9347845752792066,1011.4759751520176,425.2353064418534,Temperate,10,4.6414393884143585
18.91679849597984,56.240803546426655,68.92697855995772,1.7033387461664167,1015.5924562257725,416.75286778933923,Arid,3,4.047266992787247
15.64471886866629,74.6422853285648,74.47716925810278,4.771382134026752,1003.8184688814747,401.6327456112407,Temperate,2,4.326015456561832
21.62392541636097,50.73069445101041,54.291238479315005,4.858086162571216,1013.6816755970713,410.88176631036345,Tropical,5,3.9460513084567364
27.73085392300743,39.74267163408281,58.73232531090195,3.9067134745010335,989.0709122327942,416.31927966771957,Temperate,3,3.7072759863138014
16.085643721986738,52.23528264876517,58.060749936009444,5.6865300398057546,1011.5048307347041,410.4545228125656,Tropical,10,3.9747213842061266
25.024279093107065,75.30720923947322,71.42943094763707,3.4988841535300894,999.9562140502788,412.8134672256496,Tropical,7,4.334767419272201
18.818454289765356,66.82408621330056,87.32514999485092,4.8469088888404,1022.6479561323745,414.0860044249089,Arid,11,4.216917385742119
17.242763006425935,128.705968685898,92.31300146192632,2.4705034919618267,1019.2192588221161,414.1912150213454,Arid,6,4.865270109430072
21.357817840272652,15.628647672072628,76.38051101440757,3.964671773688643,1016.7333678557286,415.52258490497485,Arid,1,2.811126971321791
15.788546065483755,18.06215056347899,75.00844474944456,3.7384686131457463,1025.168049817275,404.393949336034,Temperate,12,2.94770472310343
18.678104167916906,55.72039389273243,51.989422658472606,4.337961883061412,1005.4086678334013,407.8298385087206,Arid,8,4.038133826711967
14.812732644466909,98.7189438246,64.57326200265979,3.445709606749962,1026.9789055833244,402.1541573430003,Tropical,2,4.60235566718932
33.78835079749834,114.05556044439311,62.12216248091761,3.8027911064924984,1020.457532514083,424.778155496862,Arid,5,4.745415145990522
22.211581311830372,41.10743698644859,63.79152401748884,5.23907075716226,1011.1075577022484,393.94353058159675,Arid,9,3.7402243755969393
17.801646952044486,2.417553091769832,68.3185618141521,3.344853644142674,1022.0849611774636,426.53590343316927,Temperate,8,1.2289248247607925
23.28387946440533,42.25012527643695,65.27909422302872,1.590134348891981,1004.1496519007069,428.8634939726284,Temperate,2,3.7670001299387095
21.326031701855023,89.0151641121242,50.20700189624212,6.624375856308131,1006.4038867077786,411.9781941301738,Tropical,9,4.49997814627211
20.67418240280066,65.87919055670652,77.47910256117534,6.072181118035729,1008.1312822140824,388.968629121727,Temperate,5,4.202887865783147
25.68500020026055,101.27861433950389,59.27256974260193,2.061605957341572,1008.7681783354878,411.3868943803271,Arid,10,4.627700602614201
26.545046260283833,149.5138175802203,72.39246864111149,5.034561707867791,1004.547538857918,414.3581583871118,Temperate,6,5.014054891138798
18.816993114336835,58.81075109429861,90.74082669749973,3.2455378441729854,1022.7846645367626,404.89401780071086,Tropical,3,4.091185428982942
18.54509055613192,46.29570144574694,60.80615408413577,4.39523082299659,1010.9291647970414,409.84781606191757,Arid,3,3.856419412842749
20.349689817090137,30.619097946195147,44.697124772536704,4.4413361935202404,1015.8200397468551,430.3019519886335,Tropical,10,3.453761303423579
8.188473011586492,17.953773842922605,67.13995778119889,3.648388299525517,1008.4371890686906,421.6492716230174,Temperate,8,2.942003059085006
12.908853626808686,13.23621710721617,81.00959634998571,2.8243515016204053,998.4351735956119,405.754358856219,Temperate,11,2.6557892181087976
30.20124560466715,37.74096698435323,89.58347454220593,2.964188421525611,1015.1604588671314,399.02400830404565,Tropical,10,3.6568976185437707
31.8698062810077,136.07628744162673,57.70450405547583,2.6257121267781365,997.7019601966418,411.7298268239023,Arid,10,4.920537613488404
20.50578376266173,108.15992288501549,74.96699223236521,2.752266687654333,1012.4509276313163,412.8654322064956,Temperate,12,4.6928139893999425
25.459341778334597,44.51184131223431,65.34689543219946,3.899232564925967,1002.0534796893376,419.96199187363317,Temperate,2,3.817972540718641
23.867500927261215,251.64411804668188,68.94051645695865,2.9263600163338723,1028.8982079938464,409.6468328743234,Arid,11,5.531981850432602
40.473284850731424,40.0245353536511,96.44343347017035,5.02307809856893,1020.2909017773977,420.1149957536186,Temperate,12,3.7141703109802937
28.717449468607462,159.01334951363287,54.970296716048466,6.230869233003891,1013.8460303301719,434.3515404006023,Tropical,12,5.075257246213571
21.2324944511154,184.18290703501856,72.53739661494573,3.1299201379449357,1023.1096534212373,423.1550102244426,Temperate,2,5.221344023325338
16.266757356397445,93.35219531695373,74.67693171765433,4.359106750803066,1006.2294721802741,414.5191149266923,Temperate,5,4.54703453934412
12.361322078454565,37.436368445176484,80.85786324939347,4.7495276654544005,1017.3478350293608,413.16849528946705,Arid,6,3.649004106308729
23.22078181520334,49.525057658711795,70.97983153470895,4.708003406378912,1014.5984834697497,411.4332686582013,Tropical,12,3.9224694044807564
17.46189552829418,76.66550244886055,73.08050539504103,4.113932901874131,1015.1121606506694,426.80640912452145,Arid,2,4.352411174856407
13.466477742413955,18.492607854344087,66.08351432578209,5.114023627539583,1023.1788280008542,408.726865540487,Temperate,5,2.970035309306438
18.12056269454484,28.027275978296565,72.69126941245108,4.7233734290209854,1018.8599368222384,415.45222708999984,Temperate,7,3.3682359389213015
15.51071197831363,25.90130742236104,66.56807724502589,2.1435063665090532,1015.3097893026002,415.51197901881085,Arid,10,3.2921748884884514
32.12284981043539,98.39660313804353,76.21571889856051,5.303734096583909,999.7609005101737,409.98215807188467,Arid,10,4.599117939417061
27.289838541696703,148.5543617500383,66.30389663956366,5.330936255900113,1005.3196296377643,401.275344521159,Arid,8,5.007659950481725
21.952164152100295,111.1116298503006,73.77100393902187,2.8550708437321277,1012.0183285312343,418.22974503617667,Tropical,12,4.719495070016304
30.879664833340154,132.4644924394054,69.70737186315021,4.056906753171403,1013.7469789942132,414.3899602814462,Temperate,7,4.89383546822622
22.46420984588571,34.7250526246391,81.26050250772168,5.024993489216604,1003.9583702026086,420.0024046943657,Arid,8,3.5758521968628263
16.832294792030417,51.35329289597931,69.48606276411513,3.6860292706309576,1032.2934134046275,409.66399693560834,Temperate,12,3.958014836885209
31.138744463617943,54.53449111017824,52.26967531793119,5.609467071649018,1025.1311524420287,427.20821298813047,Tropical,9,4.017004289169846
25.233460262107954,93.08845453573622,82.61921500713991,7.545808741929041,1017.8169465631398,406.23226218788153,Tropical,5,4.544235345501018
15.776523074041261,38.651259056339995,60.94267699137381,2.8210209510475264,1013.57629489027,432.12040284017894,Tropical,5,3.6801227018349607
20.85796793149835,126.97524640392642,63.4623366135118,1.9284330952693378,1011.3023282407908,397.5236349017174,Tropical,11,4.851836857748524
16.746290479691456,180.84369034130992,64.04338705956508,4.455727893407314,1005.3846523198221,419.3477006455689,Temperate,10,5.20314747378023
13.703201614213985,96.48011510726536,83.74438093170818,5.082343757689215,1013.619844148151,419.7543068252662,Tropical,4,4.579648409585867
27.55706528518985,49.54068160520718,48.64325786021304,3.6537004392328467,1015.062020321142,407.0444293205912,Tropical,9,3.922778588319585
33.45649984282078,32.04213084477995,101.37748533659993,6.179890994981552,1003.065915396147,419.24393937861015,Arid,5,3.4977834394539498
13.608594557085153,25.95913988135991,80.56056809066052,1.9920913004151268,1015.6734113379591,427.7951866976016,Tropical,2,3.2943223820247893
25.377815420143424,7.953694443091185,72.23238914129159,5.039377934547417,1011.757927609402,392.8318116064594,Arid,10,2.1920662340512367
18.096144585269037,55.88145835774896,69.45105999383713,3.09120876886166,997.7375395369809,420.02744807490814,Tropical,8,4.040969424367238
19.077247697411824,53.36942335337581,72.85554074857657,6.579066859310945,1006.116919913764,390.06729179669924,Tropical,7,3.9958019251309365
18.445636454566785,121.70463423671418,75.21122428379338,6.988773029752178,1009.6911557326268,405.3433519647679,Arid,8,4.809780119844017
16.816055381921103,40.86225068946451,76.45215585950056,2.8500151183249782,1028.1015012587216,431.2916636490095,Tropical,12,3.73438448264041
22.291129767668963,58.403577670050666,75.55604466003449,3.1756642961371297,1017.4524249962701,409.18217966607943,Temperate,3,4.084354454690371
17.014299301533775,82.34961208087935,70.8958068125525,5.2893818304697025,1002.3161474472008,403.26120035591026,Temperate,4,4.423043955087345
23.62274095467903,95.37040518690273,68.02661579692673,3.419304025315728,1016.8882903153411,413.0206227101532,Tropical,5,4.5681991543464475
21.69857134330518,112.27162252515433,68.48726716346488,3.931883173101643,1000.6215680884931,435.6790633816355,Temperate,6,4.729788673513263
20.566311718801543,76.45830426814258,68.0509171964732,4.038082630813615,1021.6615284310966,396.68317752793973,Arid,1,4.349739782136969
16.554618027750415,19.619412575676787,81.33770096867065,1.1204902657035154,1009.231002785457,404.48690088360655,Tropical,4,3.026232990097511
18.539372016590004,89.50974135130141,75.93556722280861,3.979243380858644,1012.2509104900867,429.9743168317963,Tropical,11,4.505457484154093
26.53234735495454,38.37049483804731,40.59611365335719,2.9654083389037393,1023.6063731803375,433.5770234353773,Arid,12,3.6730166737881973
25.005503125746284,153.2348007543752,76.55900776529761,3.2603157664003417,1002.702691451326,413.96568775709716,Arid,10,5.038476121492053
16.134668531208693,67.77117027744079,71.94736194718774,6.1654480052032214,1001.8230545190961,402.6094729747336,Arid,5,4.230784620453796
22.595993832575356,79.8879488705535,69.81291243554102,2.1152396585811157,1008.331205389232,435.95843501809156,Tropical,7,4.393064849687146
26.508322740230735,311.4756170607693,66.11481546911114,5.2198077801219664,1021.3070308081545,430.944423917492,Arid,5,5.744526440726777
